temperature_celsius, year, month, country, ISO3
25.5699, 1901, Jan, Philippines, PHL
24.1451, 1901, Feb, Philippines, PHL
25.4436, 1901, Mar, Philippines, PHL
27.0414, 1901, Apr, Philippines, PHL
27.4015, 1901, May, Philippines, PHL
26.7009, 1901, Jun, Philippines, PHL
26.1138, 1901, Jul, Philippines, PHL
25.3894, 1901, Aug, Philippines, PHL
26.0872, 1901, Sep, Philippines, PHL
25.8516, 1901, Oct, Philippines, PHL
25.4079, 1901, Nov, Philippines, PHL
24.5503, 1901, Dec, Philippines, PHL
25.4087, 1902, Jan, Philippines, PHL
23.0601, 1902, Feb, Philippines, PHL
25.8968, 1902, Mar, Philippines, PHL
26.7846, 1902, Apr, Philippines, PHL
27.3967, 1902, May, Philippines, PHL
26.5888, 1902, Jun, Philippines, PHL
25.7555, 1902, Jul, Philippines, PHL
25.6583, 1902, Aug, Philippines, PHL
25.2512, 1902, Sep, Philippines, PHL
25.6989, 1902, Oct, Philippines, PHL
25.4931, 1902, Nov, Philippines, PHL
25.4872, 1902, Dec, Philippines, PHL
24.5726, 1903, Jan, Philippines, PHL
23.5647, 1903, Feb, Philippines, PHL
25.1167, 1903, Mar, Philippines, PHL
26.117, 1903, Apr, Philippines, PHL
26.7051, 1903, May, Philippines, PHL
26.5627, 1903, Jun, Philippines, PHL
25.4947, 1903, Jul, Philippines, PHL
25.5717, 1903, Aug, Philippines, PHL
25.1767, 1903, Sep, Philippines, PHL
25.2869, 1903, Oct, Philippines, PHL
24.7978, 1903, Nov, Philippines, PHL
24.0308, 1903, Dec, Philippines, PHL
23.8663, 1904, Jan, Philippines, PHL
23.3955, 1904, Feb, Philippines, PHL
24.6543, 1904, Mar, Philippines, PHL
25.1118, 1904, Apr, Philippines, PHL
25.5115, 1904, May, Philippines, PHL
25.0237, 1904, Jun, Philippines, PHL
25.0025, 1904, Jul, Philippines, PHL
24.6958, 1904, Aug, Philippines, PHL
24.909, 1904, Sep, Philippines, PHL
24.8739, 1904, Oct, Philippines, PHL
24.1758, 1904, Nov, Philippines, PHL
23.6338, 1904, Dec, Philippines, PHL
24.2599, 1905, Jan, Philippines, PHL
23.5577, 1905, Feb, Philippines, PHL
25.0734, 1905, Mar, Philippines, PHL
26.1756, 1905, Apr, Philippines, PHL
26.5067, 1905, May, Philippines, PHL
25.6545, 1905, Jun, Philippines, PHL
24.7937, 1905, Jul, Philippines, PHL
24.9646, 1905, Aug, Philippines, PHL
24.6763, 1905, Sep, Philippines, PHL
24.8442, 1905, Oct, Philippines, PHL
24.1402, 1905, Nov, Philippines, PHL
24.8747, 1905, Dec, Philippines, PHL
24.3714, 1906, Jan, Philippines, PHL
24.8258, 1906, Feb, Philippines, PHL
25.0568, 1906, Mar, Philippines, PHL
26.9652, 1906, Apr, Philippines, PHL
26.7658, 1906, May, Philippines, PHL
25.7124, 1906, Jun, Philippines, PHL
25.5158, 1906, Jul, Philippines, PHL
25.5052, 1906, Aug, Philippines, PHL
24.9699, 1906, Sep, Philippines, PHL
24.8662, 1906, Oct, Philippines, PHL
24.2824, 1906, Nov, Philippines, PHL
24.5156, 1906, Dec, Philippines, PHL
23.7863, 1907, Jan, Philippines, PHL
23.6608, 1907, Feb, Philippines, PHL
24.5965, 1907, Mar, Philippines, PHL
25.5087, 1907, Apr, Philippines, PHL
26.1903, 1907, May, Philippines, PHL
25.7284, 1907, Jun, Philippines, PHL
25.0125, 1907, Jul, Philippines, PHL
24.6789, 1907, Aug, Philippines, PHL
24.8569, 1907, Sep, Philippines, PHL
25.4358, 1907, Oct, Philippines, PHL
25.2039, 1907, Nov, Philippines, PHL
24.3309, 1907, Dec, Philippines, PHL
24.2149, 1908, Jan, Philippines, PHL
24.0173, 1908, Feb, Philippines, PHL
24.3562, 1908, Mar, Philippines, PHL
26.0001, 1908, Apr, Philippines, PHL
25.6271, 1908, May, Philippines, PHL
25.347, 1908, Jun, Philippines, PHL
25.0095, 1908, Jul, Philippines, PHL
25.1968, 1908, Aug, Philippines, PHL
25.0918, 1908, Sep, Philippines, PHL
25.2869, 1908, Oct, Philippines, PHL
24.3461, 1908, Nov, Philippines, PHL
24.5873, 1908, Dec, Philippines, PHL
24.4788, 1909, Jan, Philippines, PHL
24.379, 1909, Feb, Philippines, PHL
25.034, 1909, Mar, Philippines, PHL
26.1253, 1909, Apr, Philippines, PHL
26.2425, 1909, May, Philippines, PHL
25.9556, 1909, Jun, Philippines, PHL
24.7091, 1909, Jul, Philippines, PHL
25.6926, 1909, Aug, Philippines, PHL
25.0507, 1909, Sep, Philippines, PHL
25.53, 1909, Oct, Philippines, PHL
24.6265, 1909, Nov, Philippines, PHL
23.8785, 1909, Dec, Philippines, PHL
24.22, 1910, Jan, Philippines, PHL
24.3427, 1910, Feb, Philippines, PHL
24.7867, 1910, Mar, Philippines, PHL
25.4915, 1910, Apr, Philippines, PHL
25.6902, 1910, May, Philippines, PHL
25.7435, 1910, Jun, Philippines, PHL
25.3345, 1910, Jul, Philippines, PHL
25.2525, 1910, Aug, Philippines, PHL
24.7347, 1910, Sep, Philippines, PHL
24.7851, 1910, Oct, Philippines, PHL
24.4915, 1910, Nov, Philippines, PHL
24.3743, 1910, Dec, Philippines, PHL
24.4958, 1911, Jan, Philippines, PHL
23.691, 1911, Feb, Philippines, PHL
24.5732, 1911, Mar, Philippines, PHL
25.2547, 1911, Apr, Philippines, PHL
25.6009, 1911, May, Philippines, PHL
25.5852, 1911, Jun, Philippines, PHL
24.848, 1911, Jul, Philippines, PHL
24.9524, 1911, Aug, Philippines, PHL
25.024, 1911, Sep, Philippines, PHL
25.0361, 1911, Oct, Philippines, PHL
24.46, 1911, Nov, Philippines, PHL
24.7153, 1911, Dec, Philippines, PHL
24.0979, 1912, Jan, Philippines, PHL
24.4351, 1912, Feb, Philippines, PHL
25.5515, 1912, Mar, Philippines, PHL
26.329, 1912, Apr, Philippines, PHL
27.0166, 1912, May, Philippines, PHL
26.7012, 1912, Jun, Philippines, PHL
25.15, 1912, Jul, Philippines, PHL
24.8318, 1912, Aug, Philippines, PHL
25.1085, 1912, Sep, Philippines, PHL
24.898, 1912, Oct, Philippines, PHL
24.6915, 1912, Nov, Philippines, PHL
24.3153, 1912, Dec, Philippines, PHL
24.394, 1913, Jan, Philippines, PHL
24.2477, 1913, Feb, Philippines, PHL
25.0859, 1913, Mar, Philippines, PHL
25.6127, 1913, Apr, Philippines, PHL
25.8752, 1913, May, Philippines, PHL
26.0102, 1913, Jun, Philippines, PHL
25.1214, 1913, Jul, Philippines, PHL
24.8984, 1913, Aug, Philippines, PHL
25.2382, 1913, Sep, Philippines, PHL
24.683, 1913, Oct, Philippines, PHL
24.626, 1913, Nov, Philippines, PHL
24.4822, 1913, Dec, Philippines, PHL
23.6331, 1914, Jan, Philippines, PHL
23.5841, 1914, Feb, Philippines, PHL
25.3871, 1914, Mar, Philippines, PHL
26.3062, 1914, Apr, Philippines, PHL
26.6857, 1914, May, Philippines, PHL
25.7494, 1914, Jun, Philippines, PHL
25.4859, 1914, Jul, Philippines, PHL
25.4033, 1914, Aug, Philippines, PHL
24.8556, 1914, Sep, Philippines, PHL
25.252, 1914, Oct, Philippines, PHL
25.3769, 1914, Nov, Philippines, PHL
25.1608, 1914, Dec, Philippines, PHL
24.6491, 1915, Jan, Philippines, PHL
24.8762, 1915, Feb, Philippines, PHL
25.5281, 1915, Mar, Philippines, PHL
26.8249, 1915, Apr, Philippines, PHL
26.7184, 1915, May, Philippines, PHL
26.678, 1915, Jun, Philippines, PHL
26.0621, 1915, Jul, Philippines, PHL
25.7888, 1915, Aug, Philippines, PHL
25.4585, 1915, Sep, Philippines, PHL
25.5943, 1915, Oct, Philippines, PHL
25.4844, 1915, Nov, Philippines, PHL
24.7305, 1915, Dec, Philippines, PHL
24.4066, 1916, Jan, Philippines, PHL
24.3561, 1916, Feb, Philippines, PHL
24.8052, 1916, Mar, Philippines, PHL
25.6457, 1916, Apr, Philippines, PHL
25.6486, 1916, May, Philippines, PHL
25.37, 1916, Jun, Philippines, PHL
25.5651, 1916, Jul, Philippines, PHL
25.6268, 1916, Aug, Philippines, PHL
24.8148, 1916, Sep, Philippines, PHL
24.9694, 1916, Oct, Philippines, PHL
24.5374, 1916, Nov, Philippines, PHL
24.5023, 1916, Dec, Philippines, PHL
23.8571, 1917, Jan, Philippines, PHL
23.4267, 1917, Feb, Philippines, PHL
24.6309, 1917, Mar, Philippines, PHL
25.9807, 1917, Apr, Philippines, PHL
25.6491, 1917, May, Philippines, PHL
25.6321, 1917, Jun, Philippines, PHL
24.8155, 1917, Jul, Philippines, PHL
25.3186, 1917, Aug, Philippines, PHL
24.9447, 1917, Sep, Philippines, PHL
24.9011, 1917, Oct, Philippines, PHL
24.4081, 1917, Nov, Philippines, PHL
24.0313, 1917, Dec, Philippines, PHL
22.5268, 1918, Jan, Philippines, PHL
22.9254, 1918, Feb, Philippines, PHL
23.9397, 1918, Mar, Philippines, PHL
25.2354, 1918, Apr, Philippines, PHL
26.2514, 1918, May, Philippines, PHL
25.3638, 1918, Jun, Philippines, PHL
25.3636, 1918, Jul, Philippines, PHL
24.7516, 1918, Aug, Philippines, PHL
25.2922, 1918, Sep, Philippines, PHL
25.0803, 1918, Oct, Philippines, PHL
24.8066, 1918, Nov, Philippines, PHL
24.1078, 1918, Dec, Philippines, PHL
24.4207, 1919, Jan, Philippines, PHL
24.5676, 1919, Feb, Philippines, PHL
25.5554, 1919, Mar, Philippines, PHL
26.7942, 1919, Apr, Philippines, PHL
26.8169, 1919, May, Philippines, PHL
26.0946, 1919, Jun, Philippines, PHL
25.1641, 1919, Jul, Philippines, PHL
25.1304, 1919, Aug, Philippines, PHL
24.937, 1919, Sep, Philippines, PHL
25.0228, 1919, Oct, Philippines, PHL
24.587, 1919, Nov, Philippines, PHL
24.3676, 1919, Dec, Philippines, PHL
23.9233, 1920, Jan, Philippines, PHL
24.5325, 1920, Feb, Philippines, PHL
25.284, 1920, Mar, Philippines, PHL
26.2229, 1920, Apr, Philippines, PHL
26.2523, 1920, May, Philippines, PHL
26.0741, 1920, Jun, Philippines, PHL
25.447, 1920, Jul, Philippines, PHL
25.5959, 1920, Aug, Philippines, PHL
25.2376, 1920, Sep, Philippines, PHL
24.9345, 1920, Oct, Philippines, PHL
24.919, 1920, Nov, Philippines, PHL
24.2678, 1920, Dec, Philippines, PHL
24.1146, 1921, Jan, Philippines, PHL
24.1032, 1921, Feb, Philippines, PHL
25.0977, 1921, Mar, Philippines, PHL
25.719, 1921, Apr, Philippines, PHL
26.248, 1921, May, Philippines, PHL
25.5014, 1921, Jun, Philippines, PHL
25.3243, 1921, Jul, Philippines, PHL
25.1696, 1921, Aug, Philippines, PHL
24.9323, 1921, Sep, Philippines, PHL
24.9936, 1921, Oct, Philippines, PHL
24.6047, 1921, Nov, Philippines, PHL
24.0878, 1921, Dec, Philippines, PHL
24.4245, 1922, Jan, Philippines, PHL
24.3753, 1922, Feb, Philippines, PHL
25.0773, 1922, Mar, Philippines, PHL
26.4169, 1922, Apr, Philippines, PHL
26.4134, 1922, May, Philippines, PHL
26.1605, 1922, Jun, Philippines, PHL
25.1335, 1922, Jul, Philippines, PHL
25.3447, 1922, Aug, Philippines, PHL
25.1431, 1922, Sep, Philippines, PHL
25.2243, 1922, Oct, Philippines, PHL
24.8114, 1922, Nov, Philippines, PHL
24.4733, 1922, Dec, Philippines, PHL
23.9079, 1923, Jan, Philippines, PHL
24.0713, 1923, Feb, Philippines, PHL
24.3286, 1923, Mar, Philippines, PHL
25.9269, 1923, Apr, Philippines, PHL
25.8223, 1923, May, Philippines, PHL
25.3135, 1923, Jun, Philippines, PHL
25.2323, 1923, Jul, Philippines, PHL
24.8932, 1923, Aug, Philippines, PHL
25.0806, 1923, Sep, Philippines, PHL
24.9443, 1923, Oct, Philippines, PHL
24.6962, 1923, Nov, Philippines, PHL
24.556, 1923, Dec, Philippines, PHL
24.2822, 1924, Jan, Philippines, PHL
24.5662, 1924, Feb, Philippines, PHL
24.9802, 1924, Mar, Philippines, PHL
26.4716, 1924, Apr, Philippines, PHL
26.9174, 1924, May, Philippines, PHL
25.865, 1924, Jun, Philippines, PHL
25.2378, 1924, Jul, Philippines, PHL
25.4421, 1924, Aug, Philippines, PHL
25.4525, 1924, Sep, Philippines, PHL
25.3371, 1924, Oct, Philippines, PHL
24.3879, 1924, Nov, Philippines, PHL
23.7345, 1924, Dec, Philippines, PHL
24.7429, 1925, Jan, Philippines, PHL
23.8247, 1925, Feb, Philippines, PHL
24.9839, 1925, Mar, Philippines, PHL
25.7924, 1925, Apr, Philippines, PHL
26.2371, 1925, May, Philippines, PHL
25.4808, 1925, Jun, Philippines, PHL
25.245, 1925, Jul, Philippines, PHL
25.5215, 1925, Aug, Philippines, PHL
25.2197, 1925, Sep, Philippines, PHL
24.7212, 1925, Oct, Philippines, PHL
24.728, 1925, Nov, Philippines, PHL
23.6739, 1925, Dec, Philippines, PHL
23.6652, 1926, Jan, Philippines, PHL
24.4, 1926, Feb, Philippines, PHL
24.9806, 1926, Mar, Philippines, PHL
26.5169, 1926, Apr, Philippines, PHL
26.9595, 1926, May, Philippines, PHL
25.9206, 1926, Jun, Philippines, PHL
25.3879, 1926, Jul, Philippines, PHL
25.3174, 1926, Aug, Philippines, PHL
25.3288, 1926, Sep, Philippines, PHL
25.2125, 1926, Oct, Philippines, PHL
24.8227, 1926, Nov, Philippines, PHL
24.0928, 1926, Dec, Philippines, PHL
23.9887, 1927, Jan, Philippines, PHL
24.6403, 1927, Feb, Philippines, PHL
25.4578, 1927, Mar, Philippines, PHL
26.2825, 1927, Apr, Philippines, PHL
26.598, 1927, May, Philippines, PHL
25.9383, 1927, Jun, Philippines, PHL
25.3284, 1927, Jul, Philippines, PHL
25.2112, 1927, Aug, Philippines, PHL
25.8276, 1927, Sep, Philippines, PHL
25.1158, 1927, Oct, Philippines, PHL
25.0027, 1927, Nov, Philippines, PHL
24.9013, 1927, Dec, Philippines, PHL
24.9746, 1928, Jan, Philippines, PHL
24.5496, 1928, Feb, Philippines, PHL
25.6253, 1928, Mar, Philippines, PHL
26.16, 1928, Apr, Philippines, PHL
26.6815, 1928, May, Philippines, PHL
25.7076, 1928, Jun, Philippines, PHL
25.5097, 1928, Jul, Philippines, PHL
26.0654, 1928, Aug, Philippines, PHL
25.3444, 1928, Sep, Philippines, PHL
25.112, 1928, Oct, Philippines, PHL
25.1162, 1928, Nov, Philippines, PHL
24.5958, 1928, Dec, Philippines, PHL
23.5783, 1929, Jan, Philippines, PHL
24.2974, 1929, Feb, Philippines, PHL
24.5574, 1929, Mar, Philippines, PHL
25.8036, 1929, Apr, Philippines, PHL
26.4631, 1929, May, Philippines, PHL
26.3389, 1929, Jun, Philippines, PHL
24.8888, 1929, Jul, Philippines, PHL
24.8898, 1929, Aug, Philippines, PHL
25.3464, 1929, Sep, Philippines, PHL
24.9466, 1929, Oct, Philippines, PHL
24.5339, 1929, Nov, Philippines, PHL
24.3923, 1929, Dec, Philippines, PHL
24.4422, 1930, Jan, Philippines, PHL
23.9822, 1930, Feb, Philippines, PHL
25.33, 1930, Mar, Philippines, PHL
26.3093, 1930, Apr, Philippines, PHL
26.2422, 1930, May, Philippines, PHL
25.9661, 1930, Jun, Philippines, PHL
25.6683, 1930, Jul, Philippines, PHL
25.4909, 1930, Aug, Philippines, PHL
25.8543, 1930, Sep, Philippines, PHL
26.0082, 1930, Oct, Philippines, PHL
25.3385, 1930, Nov, Philippines, PHL
24.8708, 1930, Dec, Philippines, PHL
25.0173, 1931, Jan, Philippines, PHL
25.2533, 1931, Feb, Philippines, PHL
26.0384, 1931, Mar, Philippines, PHL
26.9229, 1931, Apr, Philippines, PHL
27.4178, 1931, May, Philippines, PHL
26.8802, 1931, Jun, Philippines, PHL
26.0866, 1931, Jul, Philippines, PHL
25.6028, 1931, Aug, Philippines, PHL
25.6464, 1931, Sep, Philippines, PHL
25.4148, 1931, Oct, Philippines, PHL
25.1147, 1931, Nov, Philippines, PHL
24.6107, 1931, Dec, Philippines, PHL
23.5658, 1932, Jan, Philippines, PHL
23.8567, 1932, Feb, Philippines, PHL
24.77, 1932, Mar, Philippines, PHL
26.4711, 1932, Apr, Philippines, PHL
26.6656, 1932, May, Philippines, PHL
26.2306, 1932, Jun, Philippines, PHL
25.3158, 1932, Jul, Philippines, PHL
25.8385, 1932, Aug, Philippines, PHL
25.4193, 1932, Sep, Philippines, PHL
25.5384, 1932, Oct, Philippines, PHL
25.032, 1932, Nov, Philippines, PHL
24.5803, 1932, Dec, Philippines, PHL
24.3956, 1933, Jan, Philippines, PHL
24.8935, 1933, Feb, Philippines, PHL
25.3433, 1933, Mar, Philippines, PHL
26.7199, 1933, Apr, Philippines, PHL
27.2357, 1933, May, Philippines, PHL
26.1544, 1933, Jun, Philippines, PHL
25.5083, 1933, Jul, Philippines, PHL
25.7579, 1933, Aug, Philippines, PHL
25.5697, 1933, Sep, Philippines, PHL
25.0622, 1933, Oct, Philippines, PHL
24.8071, 1933, Nov, Philippines, PHL
24.3074, 1933, Dec, Philippines, PHL
24.1331, 1934, Jan, Philippines, PHL
23.5293, 1934, Feb, Philippines, PHL
24.8306, 1934, Mar, Philippines, PHL
25.8789, 1934, Apr, Philippines, PHL
25.8173, 1934, May, Philippines, PHL
26.1279, 1934, Jun, Philippines, PHL
25.5391, 1934, Jul, Philippines, PHL
25.3851, 1934, Aug, Philippines, PHL
25.1167, 1934, Sep, Philippines, PHL
25.3409, 1934, Oct, Philippines, PHL
25.1493, 1934, Nov, Philippines, PHL
24.3371, 1934, Dec, Philippines, PHL
23.8822, 1935, Jan, Philippines, PHL
24.6135, 1935, Feb, Philippines, PHL
25.6046, 1935, Mar, Philippines, PHL
26.444, 1935, Apr, Philippines, PHL
26.2273, 1935, May, Philippines, PHL
26.2546, 1935, Jun, Philippines, PHL
25.4814, 1935, Jul, Philippines, PHL
25.8674, 1935, Aug, Philippines, PHL
25.185, 1935, Sep, Philippines, PHL
25.7265, 1935, Oct, Philippines, PHL
25.0738, 1935, Nov, Philippines, PHL
24.4475, 1935, Dec, Philippines, PHL
24.2994, 1936, Jan, Philippines, PHL
24.9627, 1936, Feb, Philippines, PHL
25.1237, 1936, Mar, Philippines, PHL
26.2851, 1936, Apr, Philippines, PHL
26.938, 1936, May, Philippines, PHL
26.2097, 1936, Jun, Philippines, PHL
25.4994, 1936, Jul, Philippines, PHL
25.2428, 1936, Aug, Philippines, PHL
25.3367, 1936, Sep, Philippines, PHL
25.4996, 1936, Oct, Philippines, PHL
24.9183, 1936, Nov, Philippines, PHL
25.4659, 1936, Dec, Philippines, PHL
25.1155, 1937, Jan, Philippines, PHL
24.9407, 1937, Feb, Philippines, PHL
25.7834, 1937, Mar, Philippines, PHL
26.6227, 1937, Apr, Philippines, PHL
26.6374, 1937, May, Philippines, PHL
26.5511, 1937, Jun, Philippines, PHL
25.4335, 1937, Jul, Philippines, PHL
25.4676, 1937, Aug, Philippines, PHL
25.4288, 1937, Sep, Philippines, PHL
24.9562, 1937, Oct, Philippines, PHL
25.1766, 1937, Nov, Philippines, PHL
25.0976, 1937, Dec, Philippines, PHL
24.5002, 1938, Jan, Philippines, PHL
24.4592, 1938, Feb, Philippines, PHL
25.5751, 1938, Mar, Philippines, PHL
26.1074, 1938, Apr, Philippines, PHL
26.2265, 1938, May, Philippines, PHL
25.8048, 1938, Jun, Philippines, PHL
25.6053, 1938, Jul, Philippines, PHL
26.2629, 1938, Aug, Philippines, PHL
25.8566, 1938, Sep, Philippines, PHL
25.3098, 1938, Oct, Philippines, PHL
24.8425, 1938, Nov, Philippines, PHL
24.8011, 1938, Dec, Philippines, PHL
24.3134, 1939, Jan, Philippines, PHL
24.0622, 1939, Feb, Philippines, PHL
25.3375, 1939, Mar, Philippines, PHL
26.302, 1939, Apr, Philippines, PHL
26.0134, 1939, May, Philippines, PHL
26.1928, 1939, Jun, Philippines, PHL
25.8994, 1939, Jul, Philippines, PHL
25.8902, 1939, Aug, Philippines, PHL
25.7463, 1939, Sep, Philippines, PHL
25.6916, 1939, Oct, Philippines, PHL
25.4514, 1939, Nov, Philippines, PHL
23.8227, 1939, Dec, Philippines, PHL
23.914, 1940, Jan, Philippines, PHL
23.7802, 1940, Feb, Philippines, PHL
25.2683, 1940, Mar, Philippines, PHL
26.4218, 1940, Apr, Philippines, PHL
27.0893, 1940, May, Philippines, PHL
26.4349, 1940, Jun, Philippines, PHL
25.6351, 1940, Jul, Philippines, PHL
25.3704, 1940, Aug, Philippines, PHL
25.5847, 1940, Sep, Philippines, PHL
25.6812, 1940, Oct, Philippines, PHL
25.4573, 1940, Nov, Philippines, PHL
24.6373, 1940, Dec, Philippines, PHL
24.7651, 1941, Jan, Philippines, PHL
24.5328, 1941, Feb, Philippines, PHL
25.1618, 1941, Mar, Philippines, PHL
25.8644, 1941, Apr, Philippines, PHL
26.673, 1941, May, Philippines, PHL
26.1524, 1941, Jun, Philippines, PHL
25.6037, 1941, Jul, Philippines, PHL
26.0019, 1941, Aug, Philippines, PHL
25.4457, 1941, Sep, Philippines, PHL
25.5741, 1941, Oct, Philippines, PHL
25.1263, 1941, Nov, Philippines, PHL
24.9148, 1941, Dec, Philippines, PHL
23.927, 1942, Jan, Philippines, PHL
24.889, 1942, Feb, Philippines, PHL
26.0652, 1942, Mar, Philippines, PHL
26.2012, 1942, Apr, Philippines, PHL
26.4298, 1942, May, Philippines, PHL
26.0967, 1942, Jun, Philippines, PHL
25.2219, 1942, Jul, Philippines, PHL
25.4364, 1942, Aug, Philippines, PHL
25.0899, 1942, Sep, Philippines, PHL
25.3827, 1942, Oct, Philippines, PHL
24.7781, 1942, Nov, Philippines, PHL
24.1222, 1942, Dec, Philippines, PHL
23.4981, 1943, Jan, Philippines, PHL
23.9209, 1943, Feb, Philippines, PHL
25.1848, 1943, Mar, Philippines, PHL
25.2835, 1943, Apr, Philippines, PHL
26.2411, 1943, May, Philippines, PHL
25.301, 1943, Jun, Philippines, PHL
25.1419, 1943, Jul, Philippines, PHL
24.9605, 1943, Aug, Philippines, PHL
25.5112, 1943, Sep, Philippines, PHL
24.9407, 1943, Oct, Philippines, PHL
24.9215, 1943, Nov, Philippines, PHL
24.4281, 1943, Dec, Philippines, PHL
24.6913, 1944, Jan, Philippines, PHL
24.1637, 1944, Feb, Philippines, PHL
24.3642, 1944, Mar, Philippines, PHL
26.0116, 1944, Apr, Philippines, PHL
26.611, 1944, May, Philippines, PHL
25.8361, 1944, Jun, Philippines, PHL
25.3439, 1944, Jul, Philippines, PHL
25.3549, 1944, Aug, Philippines, PHL
25.7009, 1944, Sep, Philippines, PHL
25.6806, 1944, Oct, Philippines, PHL
25.6309, 1944, Nov, Philippines, PHL
24.2654, 1944, Dec, Philippines, PHL
24.0534, 1945, Jan, Philippines, PHL
23.7443, 1945, Feb, Philippines, PHL
25.064, 1945, Mar, Philippines, PHL
25.9314, 1945, Apr, Philippines, PHL
25.9153, 1945, May, Philippines, PHL
25.9735, 1945, Jun, Philippines, PHL
25.6069, 1945, Jul, Philippines, PHL
25.2487, 1945, Aug, Philippines, PHL
25.6382, 1945, Sep, Philippines, PHL
24.8106, 1945, Oct, Philippines, PHL
25.4221, 1945, Nov, Philippines, PHL
24.7137, 1945, Dec, Philippines, PHL
24.759, 1946, Jan, Philippines, PHL
24.4468, 1946, Feb, Philippines, PHL
25.9657, 1946, Mar, Philippines, PHL
26.3482, 1946, Apr, Philippines, PHL
26.8823, 1946, May, Philippines, PHL
26.039, 1946, Jun, Philippines, PHL
25.9827, 1946, Jul, Philippines, PHL
25.7388, 1946, Aug, Philippines, PHL
25.5685, 1946, Sep, Philippines, PHL
25.6563, 1946, Oct, Philippines, PHL
25.9307, 1946, Nov, Philippines, PHL
25.9087, 1946, Dec, Philippines, PHL
25.5498, 1947, Jan, Philippines, PHL
24.7372, 1947, Feb, Philippines, PHL
25.8199, 1947, Mar, Philippines, PHL
26.9516, 1947, Apr, Philippines, PHL
26.9595, 1947, May, Philippines, PHL
26.684, 1947, Jun, Philippines, PHL
26.3004, 1947, Jul, Philippines, PHL
26.0454, 1947, Aug, Philippines, PHL
26.2521, 1947, Sep, Philippines, PHL
25.8377, 1947, Oct, Philippines, PHL
25.0082, 1947, Nov, Philippines, PHL
25.1411, 1947, Dec, Philippines, PHL
24.1996, 1948, Jan, Philippines, PHL
25.0034, 1948, Feb, Philippines, PHL
25.261, 1948, Mar, Philippines, PHL
26.8741, 1948, Apr, Philippines, PHL
27.1869, 1948, May, Philippines, PHL
26.7072, 1948, Jun, Philippines, PHL
25.8577, 1948, Jul, Philippines, PHL
25.8478, 1948, Aug, Philippines, PHL
25.3659, 1948, Sep, Philippines, PHL
25.4889, 1948, Oct, Philippines, PHL
24.36, 1948, Nov, Philippines, PHL
24.9636, 1948, Dec, Philippines, PHL
23.4669, 1949, Jan, Philippines, PHL
24.3461, 1949, Feb, Philippines, PHL
24.7131, 1949, Mar, Philippines, PHL
25.7407, 1949, Apr, Philippines, PHL
26.4941, 1949, May, Philippines, PHL
26.1063, 1949, Jun, Philippines, PHL
25.6883, 1949, Jul, Philippines, PHL
25.7109, 1949, Aug, Philippines, PHL
25.5567, 1949, Sep, Philippines, PHL
25.3278, 1949, Oct, Philippines, PHL
24.776, 1949, Nov, Philippines, PHL
24.7689, 1949, Dec, Philippines, PHL
24.5066, 1950, Jan, Philippines, PHL
24.4052, 1950, Feb, Philippines, PHL
24.9766, 1950, Mar, Philippines, PHL
26.032, 1950, Apr, Philippines, PHL
26.4212, 1950, May, Philippines, PHL
26.025, 1950, Jun, Philippines, PHL
25.6537, 1950, Jul, Philippines, PHL
25.7196, 1950, Aug, Philippines, PHL
25.5294, 1950, Sep, Philippines, PHL
25.1808, 1950, Oct, Philippines, PHL
24.7977, 1950, Nov, Philippines, PHL
23.6967, 1950, Dec, Philippines, PHL
24.3881, 1951, Jan, Philippines, PHL
24.4172, 1951, Feb, Philippines, PHL
25.0077, 1951, Mar, Philippines, PHL
26.3301, 1951, Apr, Philippines, PHL
26.049, 1951, May, Philippines, PHL
25.7932, 1951, Jun, Philippines, PHL
25.6914, 1951, Jul, Philippines, PHL
25.7105, 1951, Aug, Philippines, PHL
25.6736, 1951, Sep, Philippines, PHL
25.8776, 1951, Oct, Philippines, PHL
25.3425, 1951, Nov, Philippines, PHL
24.788, 1951, Dec, Philippines, PHL
24.563, 1952, Jan, Philippines, PHL
24.8293, 1952, Feb, Philippines, PHL
25.4046, 1952, Mar, Philippines, PHL
26.2571, 1952, Apr, Philippines, PHL
26.8541, 1952, May, Philippines, PHL
26.1227, 1952, Jun, Philippines, PHL
25.8861, 1952, Jul, Philippines, PHL
25.2257, 1952, Aug, Philippines, PHL
25.3571, 1952, Sep, Philippines, PHL
25.5623, 1952, Oct, Philippines, PHL
25.2382, 1952, Nov, Philippines, PHL
24.5825, 1952, Dec, Philippines, PHL
24.0135, 1953, Jan, Philippines, PHL
24.484, 1953, Feb, Philippines, PHL
25.4991, 1953, Mar, Philippines, PHL
26.2741, 1953, Apr, Philippines, PHL
26.6, 1953, May, Philippines, PHL
26.0019, 1953, Jun, Philippines, PHL
25.6382, 1953, Jul, Philippines, PHL
25.6026, 1953, Aug, Philippines, PHL
25.6854, 1953, Sep, Philippines, PHL
25.7996, 1953, Oct, Philippines, PHL
25.3442, 1953, Nov, Philippines, PHL
24.6393, 1953, Dec, Philippines, PHL
24.711, 1954, Jan, Philippines, PHL
24.8304, 1954, Feb, Philippines, PHL
24.9953, 1954, Mar, Philippines, PHL
26.3637, 1954, Apr, Philippines, PHL
26.5849, 1954, May, Philippines, PHL
26.2179, 1954, Jun, Philippines, PHL
25.9085, 1954, Jul, Philippines, PHL
25.6269, 1954, Aug, Philippines, PHL
25.428, 1954, Sep, Philippines, PHL
25.2549, 1954, Oct, Philippines, PHL
24.5396, 1954, Nov, Philippines, PHL
24.1032, 1954, Dec, Philippines, PHL
23.7882, 1955, Jan, Philippines, PHL
24.2141, 1955, Feb, Philippines, PHL
24.8504, 1955, Mar, Philippines, PHL
25.9721, 1955, Apr, Philippines, PHL
26.4725, 1955, May, Philippines, PHL
25.7408, 1955, Jun, Philippines, PHL
25.558, 1955, Jul, Philippines, PHL
25.6255, 1955, Aug, Philippines, PHL
25.8075, 1955, Sep, Philippines, PHL
25.4515, 1955, Oct, Philippines, PHL
24.7817, 1955, Nov, Philippines, PHL
23.6192, 1955, Dec, Philippines, PHL
23.8494, 1956, Jan, Philippines, PHL
24.3953, 1956, Feb, Philippines, PHL
24.9768, 1956, Mar, Philippines, PHL
25.6249, 1956, Apr, Philippines, PHL
25.8979, 1956, May, Philippines, PHL
25.9465, 1956, Jun, Philippines, PHL
25.6539, 1956, Jul, Philippines, PHL
25.3732, 1956, Aug, Philippines, PHL
25.1591, 1956, Sep, Philippines, PHL
25.3647, 1956, Oct, Philippines, PHL
24.9103, 1956, Nov, Philippines, PHL
24.2371, 1956, Dec, Philippines, PHL
24.2252, 1957, Jan, Philippines, PHL
23.9774, 1957, Feb, Philippines, PHL
25.3491, 1957, Mar, Philippines, PHL
25.9466, 1957, Apr, Philippines, PHL
26.7121, 1957, May, Philippines, PHL
26.2497, 1957, Jun, Philippines, PHL
25.6998, 1957, Jul, Philippines, PHL
25.7853, 1957, Aug, Philippines, PHL
25.6135, 1957, Sep, Philippines, PHL
25.5292, 1957, Oct, Philippines, PHL
24.9547, 1957, Nov, Philippines, PHL
25.217, 1957, Dec, Philippines, PHL
24.5788, 1958, Jan, Philippines, PHL
24.5049, 1958, Feb, Philippines, PHL
25.338, 1958, Mar, Philippines, PHL
25.9576, 1958, Apr, Philippines, PHL
26.9159, 1958, May, Philippines, PHL
26.241, 1958, Jun, Philippines, PHL
25.8581, 1958, Jul, Philippines, PHL
25.7143, 1958, Aug, Philippines, PHL
25.6366, 1958, Sep, Philippines, PHL
25.4568, 1958, Oct, Philippines, PHL
24.7061, 1958, Nov, Philippines, PHL
24.2854, 1958, Dec, Philippines, PHL
23.8912, 1959, Jan, Philippines, PHL
24.7084, 1959, Feb, Philippines, PHL
25.0528, 1959, Mar, Philippines, PHL
25.9962, 1959, Apr, Philippines, PHL
26.4062, 1959, May, Philippines, PHL
26.7254, 1959, Jun, Philippines, PHL
25.7963, 1959, Jul, Philippines, PHL
25.4379, 1959, Aug, Philippines, PHL
25.7, 1959, Sep, Philippines, PHL
25.4358, 1959, Oct, Philippines, PHL
25.0826, 1959, Nov, Philippines, PHL
24.7618, 1959, Dec, Philippines, PHL
24.5152, 1960, Jan, Philippines, PHL
24.3872, 1960, Feb, Philippines, PHL
25.4499, 1960, Mar, Philippines, PHL
26.0963, 1960, Apr, Philippines, PHL
26.5528, 1960, May, Philippines, PHL
25.9573, 1960, Jun, Philippines, PHL
26.1388, 1960, Jul, Philippines, PHL
25.9516, 1960, Aug, Philippines, PHL
25.5485, 1960, Sep, Philippines, PHL
25.3218, 1960, Oct, Philippines, PHL
25.1138, 1960, Nov, Philippines, PHL
24.4111, 1960, Dec, Philippines, PHL
23.3768, 1961, Jan, Philippines, PHL
24.5259, 1961, Feb, Philippines, PHL
25.5328, 1961, Mar, Philippines, PHL
26.3946, 1961, Apr, Philippines, PHL
26.5785, 1961, May, Philippines, PHL
25.9403, 1961, Jun, Philippines, PHL
25.3709, 1961, Jul, Philippines, PHL
25.4072, 1961, Aug, Philippines, PHL
25.5786, 1961, Sep, Philippines, PHL
25.1778, 1961, Oct, Philippines, PHL
25.0089, 1961, Nov, Philippines, PHL
24.6194, 1961, Dec, Philippines, PHL
23.6413, 1962, Jan, Philippines, PHL
23.5755, 1962, Feb, Philippines, PHL
25.0619, 1962, Mar, Philippines, PHL
25.9933, 1962, Apr, Philippines, PHL
26.6104, 1962, May, Philippines, PHL
26.2008, 1962, Jun, Philippines, PHL
25.4389, 1962, Jul, Philippines, PHL
25.5004, 1962, Aug, Philippines, PHL
25.1546, 1962, Sep, Philippines, PHL
25.8392, 1962, Oct, Philippines, PHL
24.932, 1962, Nov, Philippines, PHL
24.2855, 1962, Dec, Philippines, PHL
22.8054, 1963, Jan, Philippines, PHL
22.9659, 1963, Feb, Philippines, PHL
24.1661, 1963, Mar, Philippines, PHL
25.2911, 1963, Apr, Philippines, PHL
26.7259, 1963, May, Philippines, PHL
25.9153, 1963, Jun, Philippines, PHL
25.7106, 1963, Jul, Philippines, PHL
25.5809, 1963, Aug, Philippines, PHL
25.6615, 1963, Sep, Philippines, PHL
25.4306, 1963, Oct, Philippines, PHL
25.2797, 1963, Nov, Philippines, PHL
24.7368, 1963, Dec, Philippines, PHL
24.7844, 1964, Jan, Philippines, PHL
24.2408, 1964, Feb, Philippines, PHL
25.0524, 1964, Mar, Philippines, PHL
26.1449, 1964, Apr, Philippines, PHL
26.4745, 1964, May, Philippines, PHL
25.9159, 1964, Jun, Philippines, PHL
25.7021, 1964, Jul, Philippines, PHL
25.6818, 1964, Aug, Philippines, PHL
25.6709, 1964, Sep, Philippines, PHL
25.5005, 1964, Oct, Philippines, PHL
24.746, 1964, Nov, Philippines, PHL
24.1664, 1964, Dec, Philippines, PHL
23.5116, 1965, Jan, Philippines, PHL
24.1435, 1965, Feb, Philippines, PHL
24.5255, 1965, Mar, Philippines, PHL
25.8304, 1965, Apr, Philippines, PHL
26.1359, 1965, May, Philippines, PHL
25.5785, 1965, Jun, Philippines, PHL
25.0543, 1965, Jul, Philippines, PHL
25.64, 1965, Aug, Philippines, PHL
25.5376, 1965, Sep, Philippines, PHL
25.5858, 1965, Oct, Philippines, PHL
25.4583, 1965, Nov, Philippines, PHL
24.8688, 1965, Dec, Philippines, PHL
24.6029, 1966, Jan, Philippines, PHL
24.8931, 1966, Feb, Philippines, PHL
25.5333, 1966, Mar, Philippines, PHL
26.6432, 1966, Apr, Philippines, PHL
26.1014, 1966, May, Philippines, PHL
26.3633, 1966, Jun, Philippines, PHL
25.7613, 1966, Jul, Philippines, PHL
26.0002, 1966, Aug, Philippines, PHL
25.6307, 1966, Sep, Philippines, PHL
25.5681, 1966, Oct, Philippines, PHL
25.3201, 1966, Nov, Philippines, PHL
25.0802, 1966, Dec, Philippines, PHL
23.835, 1967, Jan, Philippines, PHL
23.7817, 1967, Feb, Philippines, PHL
24.4856, 1967, Mar, Philippines, PHL
25.7435, 1967, Apr, Philippines, PHL
26.7447, 1967, May, Philippines, PHL
26.0411, 1967, Jun, Philippines, PHL
25.6946, 1967, Jul, Philippines, PHL
25.3526, 1967, Aug, Philippines, PHL
25.4947, 1967, Sep, Philippines, PHL
25.165, 1967, Oct, Philippines, PHL
24.7346, 1967, Nov, Philippines, PHL
23.6906, 1967, Dec, Philippines, PHL
23.6897, 1968, Jan, Philippines, PHL
23.4379, 1968, Feb, Philippines, PHL
25.0432, 1968, Mar, Philippines, PHL
25.6536, 1968, Apr, Philippines, PHL
26.8497, 1968, May, Philippines, PHL
26.6972, 1968, Jun, Philippines, PHL
26.3749, 1968, Jul, Philippines, PHL
25.7336, 1968, Aug, Philippines, PHL
25.7964, 1968, Sep, Philippines, PHL
25.1513, 1968, Oct, Philippines, PHL
24.167, 1968, Nov, Philippines, PHL
24.3586, 1968, Dec, Philippines, PHL
24.4617, 1969, Jan, Philippines, PHL
24.0922, 1969, Feb, Philippines, PHL
25.2997, 1969, Mar, Philippines, PHL
26.3459, 1969, Apr, Philippines, PHL
27.2993, 1969, May, Philippines, PHL
26.5425, 1969, Jun, Philippines, PHL
25.8492, 1969, Jul, Philippines, PHL
25.9103, 1969, Aug, Philippines, PHL
25.7325, 1969, Sep, Philippines, PHL
25.5852, 1969, Oct, Philippines, PHL
24.9202, 1969, Nov, Philippines, PHL
24.6462, 1969, Dec, Philippines, PHL
24.3598, 1970, Jan, Philippines, PHL
24.3879, 1970, Feb, Philippines, PHL
25.6341, 1970, Mar, Philippines, PHL
26.4322, 1970, Apr, Philippines, PHL
27.0989, 1970, May, Philippines, PHL
26.3278, 1970, Jun, Philippines, PHL
26.0068, 1970, Jul, Philippines, PHL
25.6242, 1970, Aug, Philippines, PHL
25.7302, 1970, Sep, Philippines, PHL
25.6678, 1970, Oct, Philippines, PHL
25.3411, 1970, Nov, Philippines, PHL
25.2977, 1970, Dec, Philippines, PHL
23.4911, 1971, Jan, Philippines, PHL
24.2748, 1971, Feb, Philippines, PHL
24.2589, 1971, Mar, Philippines, PHL
25.4348, 1971, Apr, Philippines, PHL
26.0936, 1971, May, Philippines, PHL
25.4643, 1971, Jun, Philippines, PHL
25.323, 1971, Jul, Philippines, PHL
25.5907, 1971, Aug, Philippines, PHL
25.6689, 1971, Sep, Philippines, PHL
25.0602, 1971, Oct, Philippines, PHL
24.724, 1971, Nov, Philippines, PHL
24.6398, 1971, Dec, Philippines, PHL
23.7354, 1972, Jan, Philippines, PHL
24.5886, 1972, Feb, Philippines, PHL
24.2134, 1972, Mar, Philippines, PHL
25.6301, 1972, Apr, Philippines, PHL
26.2943, 1972, May, Philippines, PHL
26.0139, 1972, Jun, Philippines, PHL
25.7965, 1972, Jul, Philippines, PHL
25.2804, 1972, Aug, Philippines, PHL
25.6904, 1972, Sep, Philippines, PHL
25.9461, 1972, Oct, Philippines, PHL
25.5185, 1972, Nov, Philippines, PHL
24.9553, 1972, Dec, Philippines, PHL
24.562, 1973, Jan, Philippines, PHL
24.8459, 1973, Feb, Philippines, PHL
25.3739, 1973, Mar, Philippines, PHL
26.716, 1973, Apr, Philippines, PHL
27.2911, 1973, May, Philippines, PHL
26.7443, 1973, Jun, Philippines, PHL
26.0464, 1973, Jul, Philippines, PHL
25.6824, 1973, Aug, Philippines, PHL
25.777, 1973, Sep, Philippines, PHL
25.3777, 1973, Oct, Philippines, PHL
24.6197, 1973, Nov, Philippines, PHL
24.1336, 1973, Dec, Philippines, PHL
23.738, 1974, Jan, Philippines, PHL
24.2873, 1974, Feb, Philippines, PHL
25.0283, 1974, Mar, Philippines, PHL
26.2634, 1974, Apr, Philippines, PHL
26.5801, 1974, May, Philippines, PHL
25.742, 1974, Jun, Philippines, PHL
25.809, 1974, Jul, Philippines, PHL
25.8132, 1974, Aug, Philippines, PHL
26.0911, 1974, Sep, Philippines, PHL
25.3466, 1974, Oct, Philippines, PHL
24.9582, 1974, Nov, Philippines, PHL
24.7662, 1974, Dec, Philippines, PHL
24.1309, 1975, Jan, Philippines, PHL
24.4496, 1975, Feb, Philippines, PHL
25.265, 1975, Mar, Philippines, PHL
25.916, 1975, Apr, Philippines, PHL
26.6774, 1975, May, Philippines, PHL
25.9227, 1975, Jun, Philippines, PHL
25.7824, 1975, Jul, Philippines, PHL
25.571, 1975, Aug, Philippines, PHL
25.4592, 1975, Sep, Philippines, PHL
25.6412, 1975, Oct, Philippines, PHL
25.0437, 1975, Nov, Philippines, PHL
24.0826, 1975, Dec, Philippines, PHL
23.6987, 1976, Jan, Philippines, PHL
23.9918, 1976, Feb, Philippines, PHL
25.0305, 1976, Mar, Philippines, PHL
26.0651, 1976, Apr, Philippines, PHL
25.6828, 1976, May, Philippines, PHL
25.5332, 1976, Jun, Philippines, PHL
25.5614, 1976, Jul, Philippines, PHL
25.3153, 1976, Aug, Philippines, PHL
25.4283, 1976, Sep, Philippines, PHL
25.8939, 1976, Oct, Philippines, PHL
25.1055, 1976, Nov, Philippines, PHL
24.5973, 1976, Dec, Philippines, PHL
24.8626, 1977, Jan, Philippines, PHL
24.1234, 1977, Feb, Philippines, PHL
24.9382, 1977, Mar, Philippines, PHL
26.5094, 1977, Apr, Philippines, PHL
27.0547, 1977, May, Philippines, PHL
26.5856, 1977, Jun, Philippines, PHL
25.888, 1977, Jul, Philippines, PHL
25.6178, 1977, Aug, Philippines, PHL
25.6118, 1977, Sep, Philippines, PHL
26.06, 1977, Oct, Philippines, PHL
24.7974, 1977, Nov, Philippines, PHL
24.2348, 1977, Dec, Philippines, PHL
24.151, 1978, Jan, Philippines, PHL
24.1861, 1978, Feb, Philippines, PHL
25.7504, 1978, Mar, Philippines, PHL
26.5812, 1978, Apr, Philippines, PHL
26.9561, 1978, May, Philippines, PHL
26.4571, 1978, Jun, Philippines, PHL
26.1897, 1978, Jul, Philippines, PHL
25.6634, 1978, Aug, Philippines, PHL
25.3682, 1978, Sep, Philippines, PHL
25.3008, 1978, Oct, Philippines, PHL
24.8467, 1978, Nov, Philippines, PHL
25.0273, 1978, Dec, Philippines, PHL
24.4739, 1979, Jan, Philippines, PHL
25.3977, 1979, Feb, Philippines, PHL
25.6768, 1979, Mar, Philippines, PHL
26.6214, 1979, Apr, Philippines, PHL
26.3378, 1979, May, Philippines, PHL
26.253, 1979, Jun, Philippines, PHL
26.0343, 1979, Jul, Philippines, PHL
26.0322, 1979, Aug, Philippines, PHL
25.9804, 1979, Sep, Philippines, PHL
25.4352, 1979, Oct, Philippines, PHL
25.4383, 1979, Nov, Philippines, PHL
24.3043, 1979, Dec, Philippines, PHL
24.514, 1980, Jan, Philippines, PHL
24.4421, 1980, Feb, Philippines, PHL
25.6483, 1980, Mar, Philippines, PHL
26.4434, 1980, Apr, Philippines, PHL
27.0283, 1980, May, Philippines, PHL
26.5001, 1980, Jun, Philippines, PHL
25.8573, 1980, Jul, Philippines, PHL
25.8378, 1980, Aug, Philippines, PHL
25.8813, 1980, Sep, Philippines, PHL
25.6772, 1980, Oct, Philippines, PHL
25.661, 1980, Nov, Philippines, PHL
25.0881, 1980, Dec, Philippines, PHL
23.2698, 1981, Jan, Philippines, PHL
24.1356, 1981, Feb, Philippines, PHL
25.2321, 1981, Mar, Philippines, PHL
26.5381, 1981, Apr, Philippines, PHL
26.6524, 1981, May, Philippines, PHL
26.0272, 1981, Jun, Philippines, PHL
25.4704, 1981, Jul, Philippines, PHL
25.9044, 1981, Aug, Philippines, PHL
25.8675, 1981, Sep, Philippines, PHL
25.3892, 1981, Oct, Philippines, PHL
25.1822, 1981, Nov, Philippines, PHL
24.2278, 1981, Dec, Philippines, PHL
23.7159, 1982, Jan, Philippines, PHL
24.2921, 1982, Feb, Philippines, PHL
25.2674, 1982, Mar, Philippines, PHL
26.0603, 1982, Apr, Philippines, PHL
26.6746, 1982, May, Philippines, PHL
26.4502, 1982, Jun, Philippines, PHL
25.5192, 1982, Jul, Philippines, PHL
25.5872, 1982, Aug, Philippines, PHL
25.5599, 1982, Sep, Philippines, PHL
25.6728, 1982, Oct, Philippines, PHL
25.5451, 1982, Nov, Philippines, PHL
25.0787, 1982, Dec, Philippines, PHL
24.6617, 1983, Jan, Philippines, PHL
24.6726, 1983, Feb, Philippines, PHL
25.8169, 1983, Mar, Philippines, PHL
26.8146, 1983, Apr, Philippines, PHL
27.1906, 1983, May, Philippines, PHL
27.241, 1983, Jun, Philippines, PHL
26.2787, 1983, Jul, Philippines, PHL
26.2663, 1983, Aug, Philippines, PHL
26.1099, 1983, Sep, Philippines, PHL
25.827, 1983, Oct, Philippines, PHL
24.9963, 1983, Nov, Philippines, PHL
24.2499, 1983, Dec, Philippines, PHL
24.4474, 1984, Jan, Philippines, PHL
24.7999, 1984, Feb, Philippines, PHL
25.8602, 1984, Mar, Philippines, PHL
26.6178, 1984, Apr, Philippines, PHL
26.3921, 1984, May, Philippines, PHL
25.936, 1984, Jun, Philippines, PHL
25.8835, 1984, Jul, Philippines, PHL
25.6999, 1984, Aug, Philippines, PHL
25.9249, 1984, Sep, Philippines, PHL
25.3957, 1984, Oct, Philippines, PHL
25.4756, 1984, Nov, Philippines, PHL
24.897, 1984, Dec, Philippines, PHL
24.014, 1985, Jan, Philippines, PHL
25.7775, 1985, Feb, Philippines, PHL
26.0388, 1985, Mar, Philippines, PHL
26.3589, 1985, Apr, Philippines, PHL
26.8598, 1985, May, Philippines, PHL
26.1867, 1985, Jun, Philippines, PHL
25.6807, 1985, Jul, Philippines, PHL
25.8341, 1985, Aug, Philippines, PHL
25.5288, 1985, Sep, Philippines, PHL
25.6255, 1985, Oct, Philippines, PHL
25.8111, 1985, Nov, Philippines, PHL
24.932, 1985, Dec, Philippines, PHL
24.0568, 1986, Jan, Philippines, PHL
24.2707, 1986, Feb, Philippines, PHL
25.2377, 1986, Mar, Philippines, PHL
26.4762, 1986, Apr, Philippines, PHL
26.865, 1986, May, Philippines, PHL
26.4085, 1986, Jun, Philippines, PHL
25.9783, 1986, Jul, Philippines, PHL
25.8292, 1986, Aug, Philippines, PHL
25.8151, 1986, Sep, Philippines, PHL
25.7873, 1986, Oct, Philippines, PHL
25.6711, 1986, Nov, Philippines, PHL
24.7817, 1986, Dec, Philippines, PHL
24.2833, 1987, Jan, Philippines, PHL
24.1767, 1987, Feb, Philippines, PHL
25.9478, 1987, Mar, Philippines, PHL
27.2339, 1987, Apr, Philippines, PHL
27.9554, 1987, May, Philippines, PHL
27.1566, 1987, Jun, Philippines, PHL
26.1245, 1987, Jul, Philippines, PHL
26.4183, 1987, Aug, Philippines, PHL
26.3686, 1987, Sep, Philippines, PHL
26.6221, 1987, Oct, Philippines, PHL
26.0502, 1987, Nov, Philippines, PHL
25.4592, 1987, Dec, Philippines, PHL
25.6578, 1988, Jan, Philippines, PHL
25.731, 1988, Feb, Philippines, PHL
26.5485, 1988, Mar, Philippines, PHL
27.1736, 1988, Apr, Philippines, PHL
27.5551, 1988, May, Philippines, PHL
26.5435, 1988, Jun, Philippines, PHL
26.1917, 1988, Jul, Philippines, PHL
26.429, 1988, Aug, Philippines, PHL
26.4289, 1988, Sep, Philippines, PHL
25.6575, 1988, Oct, Philippines, PHL
25.273, 1988, Nov, Philippines, PHL
24.0538, 1988, Dec, Philippines, PHL
25.1214, 1989, Jan, Philippines, PHL
24.624, 1989, Feb, Philippines, PHL
25.2485, 1989, Mar, Philippines, PHL
26.6499, 1989, Apr, Philippines, PHL
26.7598, 1989, May, Philippines, PHL
26.3242, 1989, Jun, Philippines, PHL
26.1707, 1989, Jul, Philippines, PHL
25.9538, 1989, Aug, Philippines, PHL
26.1181, 1989, Sep, Philippines, PHL
26.001, 1989, Oct, Philippines, PHL
25.5318, 1989, Nov, Philippines, PHL
24.3436, 1989, Dec, Philippines, PHL
24.8576, 1990, Jan, Philippines, PHL
25.5412, 1990, Feb, Philippines, PHL
25.684, 1990, Mar, Philippines, PHL
27.1398, 1990, Apr, Philippines, PHL
26.8208, 1990, May, Philippines, PHL
26.1519, 1990, Jun, Philippines, PHL
26.1104, 1990, Jul, Philippines, PHL
26.1024, 1990, Aug, Philippines, PHL
25.9704, 1990, Sep, Philippines, PHL
25.855, 1990, Oct, Philippines, PHL
25.5261, 1990, Nov, Philippines, PHL
25.1792, 1990, Dec, Philippines, PHL
24.9838, 1991, Jan, Philippines, PHL
25.0137, 1991, Feb, Philippines, PHL
25.6778, 1991, Mar, Philippines, PHL
26.5307, 1991, Apr, Philippines, PHL
27.3006, 1991, May, Philippines, PHL
26.8474, 1991, Jun, Philippines, PHL
26.4064, 1991, Jul, Philippines, PHL
26.1697, 1991, Aug, Philippines, PHL
25.9614, 1991, Sep, Philippines, PHL
25.7698, 1991, Oct, Philippines, PHL
24.8539, 1991, Nov, Philippines, PHL
24.6773, 1991, Dec, Philippines, PHL
24.261, 1992, Jan, Philippines, PHL
24.3322, 1992, Feb, Philippines, PHL
25.9344, 1992, Mar, Philippines, PHL
26.4722, 1992, Apr, Philippines, PHL
27.1158, 1992, May, Philippines, PHL
26.6814, 1992, Jun, Philippines, PHL
25.8034, 1992, Jul, Philippines, PHL
26.1926, 1992, Aug, Philippines, PHL
26.0278, 1992, Sep, Philippines, PHL
25.8685, 1992, Oct, Philippines, PHL
25.0592, 1992, Nov, Philippines, PHL
24.9094, 1992, Dec, Philippines, PHL
24.3001, 1993, Jan, Philippines, PHL
24.4567, 1993, Feb, Philippines, PHL
25.1516, 1993, Mar, Philippines, PHL
26.5211, 1993, Apr, Philippines, PHL
27.2386, 1993, May, Philippines, PHL
27.076, 1993, Jun, Philippines, PHL
26.2959, 1993, Jul, Philippines, PHL
25.9924, 1993, Aug, Philippines, PHL
25.8792, 1993, Sep, Philippines, PHL
25.7746, 1993, Oct, Philippines, PHL
25.9454, 1993, Nov, Philippines, PHL
25.1392, 1993, Dec, Philippines, PHL
25.0307, 1994, Jan, Philippines, PHL
25.1696, 1994, Feb, Philippines, PHL
25.7953, 1994, Mar, Philippines, PHL
26.8001, 1994, Apr, Philippines, PHL
27.2597, 1994, May, Philippines, PHL
26.5148, 1994, Jun, Philippines, PHL
25.7935, 1994, Jul, Philippines, PHL
25.9539, 1994, Aug, Philippines, PHL
25.8671, 1994, Sep, Philippines, PHL
25.9298, 1994, Oct, Philippines, PHL
25.5355, 1994, Nov, Philippines, PHL
25.384, 1994, Dec, Philippines, PHL
24.7987, 1995, Jan, Philippines, PHL
24.6848, 1995, Feb, Philippines, PHL
25.5549, 1995, Mar, Philippines, PHL
26.5835, 1995, Apr, Philippines, PHL
27.1194, 1995, May, Philippines, PHL
26.8314, 1995, Jun, Philippines, PHL
25.9629, 1995, Jul, Philippines, PHL
25.8919, 1995, Aug, Philippines, PHL
25.7907, 1995, Sep, Philippines, PHL
26.0323, 1995, Oct, Philippines, PHL
25.708, 1995, Nov, Philippines, PHL
24.7496, 1995, Dec, Philippines, PHL
24.3297, 1996, Jan, Philippines, PHL
24.2334, 1996, Feb, Philippines, PHL
25.8934, 1996, Mar, Philippines, PHL
26.0937, 1996, Apr, Philippines, PHL
26.6406, 1996, May, Philippines, PHL
26.636, 1996, Jun, Philippines, PHL
26.1184, 1996, Jul, Philippines, PHL
25.9667, 1996, Aug, Philippines, PHL
26.0514, 1996, Sep, Philippines, PHL
26.2301, 1996, Oct, Philippines, PHL
25.3921, 1996, Nov, Philippines, PHL
24.6137, 1996, Dec, Philippines, PHL
23.8521, 1997, Jan, Philippines, PHL
24.6679, 1997, Feb, Philippines, PHL
25.0151, 1997, Mar, Philippines, PHL
26.2967, 1997, Apr, Philippines, PHL
26.836, 1997, May, Philippines, PHL
26.4243, 1997, Jun, Philippines, PHL
26.0652, 1997, Jul, Philippines, PHL
26.2996, 1997, Aug, Philippines, PHL
25.9744, 1997, Sep, Philippines, PHL
26.1976, 1997, Oct, Philippines, PHL
26.0905, 1997, Nov, Philippines, PHL
25.5418, 1997, Dec, Philippines, PHL
25.2355, 1998, Jan, Philippines, PHL
25.6835, 1998, Feb, Philippines, PHL
26.2433, 1998, Mar, Philippines, PHL
27.3123, 1998, Apr, Philippines, PHL
27.5901, 1998, May, Philippines, PHL
27.1007, 1998, Jun, Philippines, PHL
26.8018, 1998, Jul, Philippines, PHL
26.8456, 1998, Aug, Philippines, PHL
26.2101, 1998, Sep, Philippines, PHL
26.24, 1998, Oct, Philippines, PHL
26.3151, 1998, Nov, Philippines, PHL
25.747, 1998, Dec, Philippines, PHL
25.277, 1999, Jan, Philippines, PHL
24.7619, 1999, Feb, Philippines, PHL
26.0077, 1999, Mar, Philippines, PHL
26.3385, 1999, Apr, Philippines, PHL
26.7901, 1999, May, Philippines, PHL
26.0275, 1999, Jun, Philippines, PHL
26.0237, 1999, Jul, Philippines, PHL
25.8176, 1999, Aug, Philippines, PHL
25.7468, 1999, Sep, Philippines, PHL
25.9571, 1999, Oct, Philippines, PHL
25.476, 1999, Nov, Philippines, PHL
25.1543, 1999, Dec, Philippines, PHL
25.0684, 2000, Jan, Philippines, PHL
25.1829, 2000, Feb, Philippines, PHL
25.8155, 2000, Mar, Philippines, PHL
26.4553, 2000, Apr, Philippines, PHL
26.9388, 2000, May, Philippines, PHL
26.3147, 2000, Jun, Philippines, PHL
25.7826, 2000, Jul, Philippines, PHL
26.0655, 2000, Aug, Philippines, PHL
25.9559, 2000, Sep, Philippines, PHL
25.9385, 2000, Oct, Philippines, PHL
25.9002, 2000, Nov, Philippines, PHL
25.526, 2000, Dec, Philippines, PHL
25.2297, 2001, Jan, Philippines, PHL
25.4425, 2001, Feb, Philippines, PHL
25.8396, 2001, Mar, Philippines, PHL
27.1893, 2001, Apr, Philippines, PHL
27.1077, 2001, May, Philippines, PHL
26.6428, 2001, Jun, Philippines, PHL
26.0687, 2001, Jul, Philippines, PHL
25.9956, 2001, Aug, Philippines, PHL
26.2638, 2001, Sep, Philippines, PHL
26.1439, 2001, Oct, Philippines, PHL
25.1372, 2001, Nov, Philippines, PHL
24.6308, 2001, Dec, Philippines, PHL
24.698, 2002, Jan, Philippines, PHL
24.52, 2002, Feb, Philippines, PHL
25.8142, 2002, Mar, Philippines, PHL
26.7448, 2002, Apr, Philippines, PHL
27.4068, 2002, May, Philippines, PHL
26.7502, 2002, Jun, Philippines, PHL
25.967, 2002, Jul, Philippines, PHL
25.7623, 2002, Aug, Philippines, PHL
25.692, 2002, Sep, Philippines, PHL
26.2617, 2002, Oct, Philippines, PHL
25.8102, 2002, Nov, Philippines, PHL
25.3758, 2002, Dec, Philippines, PHL
24.4245, 2003, Jan, Philippines, PHL
24.7136, 2003, Feb, Philippines, PHL
25.7513, 2003, Mar, Philippines, PHL
27.2151, 2003, Apr, Philippines, PHL
27.1501, 2003, May, Philippines, PHL
26.0982, 2003, Jun, Philippines, PHL
26.1519, 2003, Jul, Philippines, PHL
25.787, 2003, Aug, Philippines, PHL
25.6399, 2003, Sep, Philippines, PHL
25.7658, 2003, Oct, Philippines, PHL
25.8989, 2003, Nov, Philippines, PHL
24.7424, 2003, Dec, Philippines, PHL
24.6361, 2004, Jan, Philippines, PHL
25.1195, 2004, Feb, Philippines, PHL
25.9599, 2004, Mar, Philippines, PHL
27.1387, 2004, Apr, Philippines, PHL
26.9489, 2004, May, Philippines, PHL
25.9484, 2004, Jun, Philippines, PHL
26.0783, 2004, Jul, Philippines, PHL
26.0126, 2004, Aug, Philippines, PHL
26.1818, 2004, Sep, Philippines, PHL
25.3855, 2004, Oct, Philippines, PHL
25.7465, 2004, Nov, Philippines, PHL
25.3449, 2004, Dec, Philippines, PHL
25.6897, 2005, Jan, Philippines, PHL
25.3657, 2005, Feb, Philippines, PHL
25.6033, 2005, Mar, Philippines, PHL
26.5231, 2005, Apr, Philippines, PHL
27.3189, 2005, May, Philippines, PHL
26.4659, 2005, Jun, Philippines, PHL
26.2273, 2005, Jul, Philippines, PHL
25.9844, 2005, Aug, Philippines, PHL
25.6394, 2005, Sep, Philippines, PHL
26.0266, 2005, Oct, Philippines, PHL
26.0138, 2005, Nov, Philippines, PHL
24.6931, 2005, Dec, Philippines, PHL
25.2543, 2006, Jan, Philippines, PHL
25.2427, 2006, Feb, Philippines, PHL
25.9232, 2006, Mar, Philippines, PHL
26.9234, 2006, Apr, Philippines, PHL
26.7947, 2006, May, Philippines, PHL
26.6897, 2006, Jun, Philippines, PHL
25.9124, 2006, Jul, Philippines, PHL
25.7956, 2006, Aug, Philippines, PHL
26.0192, 2006, Sep, Philippines, PHL
25.7158, 2006, Oct, Philippines, PHL
26.0492, 2006, Nov, Philippines, PHL
25.6989, 2006, Dec, Philippines, PHL
24.9902, 2007, Jan, Philippines, PHL
25.3245, 2007, Feb, Philippines, PHL
25.9924, 2007, Mar, Philippines, PHL
26.8901, 2007, Apr, Philippines, PHL
27.2332, 2007, May, Philippines, PHL
27.0766, 2007, Jun, Philippines, PHL
26.4934, 2007, Jul, Philippines, PHL
25.9477, 2007, Aug, Philippines, PHL
25.7602, 2007, Sep, Philippines, PHL
25.8276, 2007, Oct, Philippines, PHL
24.9296, 2007, Nov, Philippines, PHL
25.0861, 2007, Dec, Philippines, PHL
24.9651, 2008, Jan, Philippines, PHL
24.1517, 2008, Feb, Philippines, PHL
25.4219, 2008, Mar, Philippines, PHL
26.4157, 2008, Apr, Philippines, PHL
26.0644, 2008, May, Philippines, PHL
26.1525, 2008, Jun, Philippines, PHL
26.0829, 2008, Jul, Philippines, PHL
25.7532, 2008, Aug, Philippines, PHL
26.0891, 2008, Sep, Philippines, PHL
25.9654, 2008, Oct, Philippines, PHL
25.6959, 2008, Nov, Philippines, PHL
25.0161, 2008, Dec, Philippines, PHL
24.1465, 2009, Jan, Philippines, PHL
25.174, 2009, Feb, Philippines, PHL
26.114, 2009, Mar, Philippines, PHL
26.1847, 2009, Apr, Philippines, PHL
26.4238, 2009, May, Philippines, PHL
25.8999, 2009, Jun, Philippines, PHL
25.6978, 2009, Jul, Philippines, PHL
26.4123, 2009, Aug, Philippines, PHL
25.9734, 2009, Sep, Philippines, PHL
25.6722, 2009, Oct, Philippines, PHL
25.495, 2009, Nov, Philippines, PHL
24.5257, 2009, Dec, Philippines, PHL
24.4225, 2010, Jan, Philippines, PHL
25.2749, 2010, Feb, Philippines, PHL
26.3652, 2010, Mar, Philippines, PHL
26.4783, 2010, Apr, Philippines, PHL
27.0725, 2010, May, Philippines, PHL
27.0885, 2010, Jun, Philippines, PHL
26.1774, 2010, Jul, Philippines, PHL
26.0448, 2010, Aug, Philippines, PHL
26.0935, 2010, Sep, Philippines, PHL
25.583, 2010, Oct, Philippines, PHL
25.4349, 2010, Nov, Philippines, PHL
24.8938, 2010, Dec, Philippines, PHL
23.7031, 2011, Jan, Philippines, PHL
24.5569, 2011, Feb, Philippines, PHL
25.1131, 2011, Mar, Philippines, PHL
26.2931, 2011, Apr, Philippines, PHL
26.5122, 2011, May, Philippines, PHL
26.4864, 2011, Jun, Philippines, PHL
25.905, 2011, Jul, Philippines, PHL
26.2561, 2011, Aug, Philippines, PHL
26.0859, 2011, Sep, Philippines, PHL
26.2808, 2011, Oct, Philippines, PHL
25.9895, 2011, Nov, Philippines, PHL
25.4554, 2011, Dec, Philippines, PHL
25.1849, 2012, Jan, Philippines, PHL
25.3543, 2012, Feb, Philippines, PHL
25.8762, 2012, Mar, Philippines, PHL
27.1554, 2012, Apr, Philippines, PHL
27.4435, 2012, May, Philippines, PHL
26.848, 2012, Jun, Philippines, PHL
25.8999, 2012, Jul, Philippines, PHL
25.9538, 2012, Aug, Philippines, PHL
25.7934, 2012, Sep, Philippines, PHL
26.0214, 2012, Oct, Philippines, PHL
25.9289, 2012, Nov, Philippines, PHL
25.8235, 2012, Dec, Philippines, PHL
24.8778, 2013, Jan, Philippines, PHL
25.4676, 2013, Feb, Philippines, PHL
26.2369, 2013, Mar, Philippines, PHL
27.2924, 2013, Apr, Philippines, PHL
27.5711, 2013, May, Philippines, PHL
26.7544, 2013, Jun, Philippines, PHL
25.9664, 2013, Jul, Philippines, PHL
25.9604, 2013, Aug, Philippines, PHL
26.1603, 2013, Sep, Philippines, PHL
25.7289, 2013, Oct, Philippines, PHL
25.7594, 2013, Nov, Philippines, PHL
25.3185, 2013, Dec, Philippines, PHL
23.6587, 2014, Jan, Philippines, PHL
24.4568, 2014, Feb, Philippines, PHL
25.4131, 2014, Mar, Philippines, PHL
26.7698, 2014, Apr, Philippines, PHL
27.3583, 2014, May, Philippines, PHL
26.8594, 2014, Jun, Philippines, PHL
26.2883, 2014, Jul, Philippines, PHL
26.1487, 2014, Aug, Philippines, PHL
25.9629, 2014, Sep, Philippines, PHL
26.0474, 2014, Oct, Philippines, PHL
26.0677, 2014, Nov, Philippines, PHL
25.2588, 2014, Dec, Philippines, PHL
24.513, 2015, Jan, Philippines, PHL
24.7406, 2015, Feb, Philippines, PHL
25.8039, 2015, Mar, Philippines, PHL
26.8073, 2015, Apr, Philippines, PHL
27.4637, 2015, May, Philippines, PHL
26.8334, 2015, Jun, Philippines, PHL
26.2462, 2015, Jul, Philippines, PHL
26.3464, 2015, Aug, Philippines, PHL
26.3619, 2015, Sep, Philippines, PHL
26.2453, 2015, Oct, Philippines, PHL
26.2845, 2015, Nov, Philippines, PHL
25.8008, 2015, Dec, Philippines, PHL
25.5973, 2016, Jan, Philippines, PHL
25.1657, 2016, Feb, Philippines, PHL
26.3042, 2016, Mar, Philippines, PHL
27.6981, 2016, Apr, Philippines, PHL
27.8719, 2016, May, Philippines, PHL
27.1784, 2016, Jun, Philippines, PHL
26.6946, 2016, Jul, Philippines, PHL
26.7572, 2016, Aug, Philippines, PHL
26.5265, 2016, Sep, Philippines, PHL
26.2731, 2016, Oct, Philippines, PHL
25.8079, 2016, Nov, Philippines, PHL
25.8024, 2016, Dec, Philippines, PHL
